url,label
http://www.thehindu.com/todays-paper/tp-national/tp-andhrapradesh/readers-mail/article5280162.ece,0
http://www.thehindu.com/todays-paper/tp-international/niqaab-is-the-elephant-in-the-courtroom-says-uk-judge/article5143715.ece,0
http://www.thehindu.com/todays-paper/tp-national/tp-kerala/Grandparents-honoured/article14703613.ece,0
http://www.thehindu.com/todays-paper/tp-features/tp-metroplus/the-guardian-quick-crossword11335/article5207800.ece,0
http://www.thehindu.com/todays-paper/fishermen-call-off-strike/article5540510.ece,1
http://www.thehindu.com/todays-paper/tp-features/tp-metroplus/lens-view/article4162025.ece,0
http://www.thehindu.com/todays-paper/badal-meets-pm-seeks-clemency-for-bhullar/article4621784.ece,0
http://www.thehindu.com/todays-paper/tp-national/tp-newdelhi/restrictions-shutdown-affect-life-in-srinagar/article6035250.ece,1
http://www.thehindu.com/todays-paper/tp-national/tp-andhrapradesh/mysoora-reddy-calls-off-his-roadside-protest/article18395692.ece,0
http://www.thehindu.com/todays-paper/tp-national/tp-telangana/patients-kin-protest-at-chest-hospital/article17464677.ece,1
http://www.thehindu.com/todays-paper/State-police-force-fully-mobilised/article16052571.ece,0
http://www.thehindu.com/todays-paper/tp-national/tp-tamilnadu/idol-damaged-shops-closed/article4613023.ece,1
http://www.thehindu.com/todays-paper/tp-national/tp-tamilnadu/Industrial-training-for-women/article15793870.ece,0
http://www.thehindu.com/todays-paper/tp-sports/dedeepya-made-to-dig-deep/article19152690.ece,0
http://www.thehindu.com/todays-paper/tp-features/tp-fridayreview/music/article6812662.ece,0
http://www.thehindu.com/todays-paper/tp-national/tp-kerala/VS-releases-journal-on-Krishna-Iyer/article16339981.ece,0
http://www.thehindu.com/todays-paper/tp-national/tp-andhrapradesh/constable-and-si-allege-harassment-by-higherup/article3144998.ece,1
http://www.thehindu.com/todays-paper/tp-national/tp-tamilnadu/abducted-businessman-rescued/article2289374.ece,0
http://www.thehindu.com/todays-paper/tp-national/tp-tamilnadu/Hospital-gets-new-building/article14554013.ece,0
http://www.thehindu.com/todays-paper/tp-national/tp-andhrapradesh/ssc-advancedsupplementary-fee/article2094941.ece,0
http://www.thehindu.com/todays-paper/tp-national/tp-newdelhi/Tihar-death-case-registered/article14782142.ece,0
http://www.thehindu.com/todays-paper/tp-national/tp-tamilnadu/infrastructure-woes-plague-udhagamandalam/article18169010.ece,0
http://www.thehindu.com/todays-paper/tp-national/tp-karnataka/encyclopaedia-on-folklore-is-ready/article3934024.ece,0
http://www.thehindu.com/todays-paper/tp-national/tp-andhrapradesh/Warm-welcome-for-CM/article15607980.ece,0
http://www.thehindu.com/todays-paper/tp-national/tp-karnataka/CPI-protests-against-price-rise-in-Davangere/article15575697.ece,1
http://www.thehindu.com/todays-paper/tp-national/tp-tamilnadu/Merge-village-libraries-official/article14822721.ece,0
http://www.thehindu.com/todays-paper/tp-national/tp-andhrapradesh/jvv-plans-campaign-seeking-toilets-in-schools/article6368433.ece,0
http://www.thehindu.com/todays-paper/tp-national/tp-karnataka/pratisthan-to-bring-out-compendium/article4483369.ece,0
http://www.thehindu.com/todays-paper/tp-national/tp-tamilnadu/case-against-former-minister/article2976358.ece,0
http://www.thehindu.com/todays-paper/tp-national/tp-andhrapradesh/edcet-held/article6068653.ece,0
http://www.thehindu.com/todays-paper/krsa-funds-to-be-utilised-to-rectify-defects-of-roads/article2641157.ece,0
http://www.thehindu.com/todays-paper/tp-features/tp-educationplus/for-the-love-of-books/article7830441.ece,0
http://www.thehindu.com/todays-paper/tp-national/tp-andhrapradesh/walk-to-spread-awareness-on-cancer/article2859736.ece,0
http://www.thehindu.com/todays-paper/tp-national/MCOCA-slapped-in-Sonawane-case/article15380294.ece,1
http://www.thehindu.com/todays-paper/tp-national/tp-kerala/Traffic-clubs-for-students-inaugurated/article14807020.ece,0
http://www.thehindu.com/todays-paper/tp-national/tp-tamilnadu/Three-held-on-charges-of-forgery-cheating/article16525707.ece,0
http://www.thehindu.com/todays-paper/tp-national/Army-exempt-us-from-anti-naxal-operations/article14705744.ece,0
http://www.thehindu.com/todays-paper/tp-features/tp-metroplus/forever-denim/article3196768.ece,0
http://www.thehindu.com/todays-paper/tp-national/tp-tamilnadu/Best-Tax-Payer-awards-given/article16211774.ece,0
http://www.thehindu.com/todays-paper/tp-national/tp-newdelhi/journal-on-disability-studies-plans-special-issue/article4597059.ece,0
http://www.thehindu.com/todays-paper/tp-national/tp-tamilnadu/Youth-should-come-forward-to-form-a-corruption-free-India/article14876960.ece,0
http://www.thehindu.com/todays-paper/tp-features/tp-metroplus/for-designerwear/article3433976.ece,0
http://www.thehindu.com/todays-paper/tp-national/tp-karnataka/protest-against-poor-roads/article3073996.ece,1
http://www.thehindu.com/todays-paper/tp-national/tp-andhrapradesh/house-panel-to-probe-into-irregularities-in-housing/article7387791.ece,0
http://www.thehindu.com/todays-paper/tp-national/tp-karnataka/heavy-rain-in-sirsi/article2676766.ece,0
http://www.thehindu.com/todays-paper/tp-features/tp-metroplus/arms-akimbo/article18397038.ece,0
http://www.thehindu.com/todays-paper/tp-national/tp-otherstates/Panel-report-on-Ravenshaw-row-in-two-weeks/article15575988.ece,1
http://www.thehindu.com/todays-paper/tp-national/tp-kerala/tipplers-angry-over-govt-decision/article6550888.ece,1
http://www.thehindu.com/todays-paper/tp-features/tp-metroplus/in-the-company-of-women/article5327175.ece,0
http://www.thehindu.com/todays-paper/tp-national/tp-telangana/A-touch-of-glamour/article14482304.ece,0
http://www.thehindu.com/todays-paper/tp-national/tp-andhrapradesh/Rein-in-private-schools-colleges-demands-Cong./article14407963.ece,0
http://www.thehindu.com/todays-paper/tp-national/tp-andhrapradesh/Car-driver-held-laptops-mobiles-seized/article16646948.ece,0
http://www.thehindu.com/todays-paper/tp-national/tp-kerala/governor-raps-opposition-for-protest/article8201100.ece,0
http://www.thehindu.com/todays-paper/tp-national/tp-andhrapradesh/SPF-to-replace-TTD-security-staff/article15248755.ece,0
http://www.thehindu.com/todays-paper/tp-national/tp-newdelhi/final-arguments-in-37yearold-l-n-mishra-case-begin/article3890808.ece,0
http://www.thehindu.com/todays-paper/tp-national/tp-newdelhi/Braille-makes-its-debut-on-EVMs/article15346743.ece,0
http://www.thehindu.com/todays-paper/tp-national/tp-andhrapradesh/gvmc-sets-its-sights-on-cleanliness/article8020699.ece,0
http://www.thehindu.com/todays-paper/tp-features/tp-metroplus/A-guide-to-fine-dining/article16369567.ece,0
http://www.thehindu.com/todays-paper/tp-national/tp-kerala/fseto-protest/article5458219.ece,1
http://www.thehindu.com/todays-paper/tp-national/tp-andhrapradesh/Goodwill-Day/article14871391.ece,0
http://www.thehindu.com/todays-paper/paris-attacks-a-setback-admits-barack-obama/article7885272.ece,0
http://www.thehindu.com/todays-paper/tp-national/tp-andhrapradesh/chain-snatching-gang-busted/article13386944.ece,0
http://www.thehindu.com/todays-paper/tp-national/tp-kerala/Recognition/article16125362.ece,0
http://www.thehindu.com/todays-paper/tp-national/tp-kerala/SHRC-registers-suo-motu-case/article14698487.ece,0
http://www.thehindu.com/todays-paper/tp-features/tp-educationplus/kc-mahindra-education-trust-offers-scholarships-to-polytechnic-students/article3213255.ece,0
http://www.thehindu.com/todays-paper/tp-national/tp-tamilnadu/demand-for-protecting-spotted-deer-in-kurumalai-forest/article5263387.ece,0
http://www.thehindu.com/todays-paper/tp-features/tp-metroplus/aamir-wants-more-kids-to-take-up-chess/article8472735.ece,0
http://www.thehindu.com/todays-paper/tp-national/tp-newdelhi/opposition-not-for-relief-to-sanjay-dutt/article5270658.ece,1
http://www.thehindu.com/todays-paper/tp-national/tp-kerala/Protest/article13990978.ece,0
http://www.thehindu.com/todays-paper/tp-national/tp-newdelhi/Some-heavy-metal-magic-and-a-light-hearted-comedy/article16593866.ece,0
http://www.thehindu.com/todays-paper/tp-features/tp-metroplus/namma-fjord/article8386356.ece,0
http://www.thehindu.com/todays-paper/tp-national/supreme-court-complies-with-cic-order/article2089383.ece,0
http://www.thehindu.com/todays-paper/tp-national/tp-tamilnadu/esic-medical-college-denied-permission-to-admit-students/article7380950.ece,1
http://www.thehindu.com/todays-paper/tp-national/tp-tamilnadu/shortage-of-coins-customers-seek-alternatives/article4922717.ece,0
http://www.thehindu.com/todays-paper/tp-national/tp-tamilnadu/%E2%80%98DMK-will-not-support-any-factions%E2%80%99/article17316535.ece,0
http://www.thehindu.com/todays-paper/tp-national/tp-andhrapradesh/perfect-poise/article4301083.ece,0
http://www.thehindu.com/todays-paper/tp-national/tp-otherstates/ODArsquos-annual-festival-gets-under-way/article16603154.ece,0
http://www.thehindu.com/todays-paper/tp-national/tp-karnataka/campaign-launched/article18730026.ece,0
http://www.thehindu.com/todays-paper/tp-features/tp-metroplus/on-the-global-stage/article5868778.ece,0
http://www.thehindu.com/todays-paper/tp-features/tp-metroplus/a-lesson-in-history/article4725929.ece,0
http://www.thehindu.com/todays-paper/tp-national/tp-karnataka/under-hk-quota/article7415242.ece,0
http://www.thehindu.com/todays-paper/tp-in-school/opposing-fee-hike/article3842030.ece,1
http://www.thehindu.com/todays-paper/tp-in-school/naturewise-frogs-and-toads/article19572436.ece,0
http://www.thehindu.com/todays-paper/tp-features/tp-literaryreview/beauty-of-bhakti/article6556230.ece,0
http://www.thehindu.com/todays-paper/tp-national/tp-kerala/Call-to-improve-quality/article14897340.ece,1
http://www.thehindu.com/todays-paper/tp-national/tp-otherstates/Seeking-their-due/article15990307.ece,1
http://www.thehindu.com/todays-paper/tp-national/tp-karnataka/basavashri-award-presented-to-malala/article5581055.ece,0
http://www.thehindu.com/todays-paper/tp-features/tp-metroplus/nuggets-from-real-life/article21774899.ece,0
http://www.thehindu.com/todays-paper/tp-national/tp-otherstates/Speaker-orders-removal-of-AIADMK-members-from-House/article16904631.ece,0
http://www.thehindu.com/todays-paper/tp-national/tp-kerala/Answer-sheets-to-have-students%E2%80%99-photos/article13995128.ece,0
http://www.thehindu.com/todays-paper/tp-features/tp-fridayreview/Dancing-to-the-feminist-theme/article15398569.ece,0
http://www.thehindu.com/todays-paper/tp-national/tp-karnataka/Chamundi-Commando-Force-takes-out-route-march/article15355994.ece,0
http://www.thehindu.com/todays-paper/manmohan-offers-no-solution-only-asking-for-more-time-trs-chief/article2510626.ece,1
http://www.thehindu.com/todays-paper/tp-national/tp-karnataka/boycott-proceedings/article5878010.ece,1
http://www.thehindu.com/todays-paper/tp-features/tp-metroplus/adopt-a-pup/article3285566.ece,0
http://www.thehindu.com/todays-paper/tp-features/tp-metroplus/breakfast/article2352150.ece,0
http://www.thehindu.com/todays-paper/tp-features/tp-youngworld/with-a-wave-of-a-wand/article3444675.ece,0
http://www.thehindu.com/todays-paper/tp-features/tp-metroplus/a-home-away-from-home/article7062550.ece,0
http://www.thehindu.com/todays-paper/tp-features/tp-educationplus/making-full-use-of-iti-training-q-a/article2264926.ece,0
http://www.thehindu.com/todays-paper/tp-sports/Manikantha-Raj-Dutee-are-fastest/article14590702.ece,0
http://www.thehindu.com/todays-paper/tp-national/tp-andhrapradesh/large-crowd-livens-up-expo/article6138023.ece,0
http://www.thehindu.com/todays-paper/tp-national/tp-otherstates/delhi-metro-phaseiv-will-have-six-new-corridors/article6517852.ece,0
http://www.thehindu.com/todays-paper/tp-national/tp-tamilnadu/Colourful-distraction/article17310073.ece,0
http://www.thehindu.com/todays-paper/tp-national/tp-tamilnadu/awareness-rally-taken-out/article7005493.ece,1
http://www.thehindu.com/todays-paper/tp-national/tp-telangana/acute-cash-crunch-in-banks-delays-loan-disbursal/article18203113.ece,0
http://www.thehindu.com/todays-paper/tp-national/tp-tamilnadu/Give-free-hand-to-police-Karunanidhi/article15001887.ece,1
http://www.thehindu.com/todays-paper/tp-national/tp-karnataka/Keen-contest-between-Congress-and-BJP/article15221969.ece,0
http://www.thehindu.com/todays-paper/tp-national/tp-kerala/bypoll-result-a-wakeup-call-for-ldf/article3031551.ece,0
http://www.thehindu.com/todays-paper/tp-national/tp-newdelhi/Power-supply-disruption/article14839625.ece,0
http://www.thehindu.com/todays-paper/tp-features/tp-propertyplus/expectations-from-union-budget-2013/article4346549.ece,0
http://www.thehindu.com/todays-paper/tp-national/tp-kerala/Meet-finalises-Pongala-plans/article15141091.ece,0
http://www.thehindu.com/todays-paper/tp-national/tp-newdelhi/battery-rickshaws-irk-traffic-cops/article5924484.ece,0
http://www.thehindu.com/todays-paper/tp-national/tp-tamilnadu/tension-after-outsiders-attack-panchayat-office/article8383223.ece,0
http://www.thehindu.com/todays-paper/tp-national/tp-kerala/No-evidence-against-PDP-leader-counsel/article14740727.ece,0
http://www.thehindu.com/todays-paper/tp-opinion/women-in-the-army/article18440292.ece,0
http://www.thehindu.com/todays-paper/Gandhi-Bazaar-vendors-continue-protest/article13381416.ece,1
http://www.thehindu.com/todays-paper/tp-national/tp-kerala/aspriring-scientists/article2005608.ece,0
http://www.thehindu.com/todays-paper/tp-national/tp-karnataka/shettar-promises-help-for-ongoing-rail-projects/article12557081.ece,0
http://www.thehindu.com/todays-paper/tp-features/tp-downtown/photos-of-bhagat-singh/article8400317.ece,0
http://www.thehindu.com/todays-paper/tp-features/tp-educationplus/meet-on-refrigeration/article7858923.ece,0
http://www.thehindu.com/todays-paper/tp-national/tp-tamilnadu/Special-trains-to-Tuticorin/article15212543.ece,0
http://www.thehindu.com/todays-paper/tp-national/tp-tamilnadu/crime-notes/article18579974.ece,1
http://www.thehindu.com/todays-paper/tp-international/india-among-first-countries-to-help-basil/article4741302.ece,0
http://www.thehindu.com/todays-paper/tp-national/tp-karnataka/poking-fun-at-ramdas-for-basaveshwara-statement/article2000663.ece,0
http://www.thehindu.com/todays-paper/tp-features/tp-educationplus/Why-not-a-career-in-maths-Q-amp-A/article15404137.ece,0
http://www.thehindu.com/todays-paper/tp-national/tp-karnataka/Prohibitory-orders-clamped-on-Ramanathapura/article14754650.ece,0
http://www.thehindu.com/todays-paper/tp-national/tp-otherstates/Project-to-study-longevity-of-Zoroastrians/article15304646.ece,0
http://www.thehindu.com/todays-paper/people-dont-want-weak-rulers-pawar/article5442180.ece,0
http://www.thehindu.com/todays-paper/Tiruchi-Padalur-four-lane-to-be-ready-by-December/article16497218.ece,0
http://www.thehindu.com/todays-paper/tp-features/tp-metroplus/guessWHO/article16147278.ece,0
http://www.thehindu.com/todays-paper/tp-features/tp-metroplus/The-renaissance-of-Ikon/article15393924.ece,0
http://www.thehindu.com/todays-paper/tp-national/tp-otherstates/Bus-operators-call-strike/article16568692.ece,1
http://www.thehindu.com/todays-paper/tp-sports/cricket-camps/article8428392.ece,0
http://www.thehindu.com/todays-paper/tp-national/tp-tamilnadu/hospital-closes-tear-in-aorta-using-minimally-invasive-procedure/article4285289.ece,0
http://www.thehindu.com/todays-paper/schools-should-look-into-transportation-also/article14398129.ece,0
http://www.thehindu.com/todays-paper/tp-national/tp-otherstates/kashmir-unrest/article7950513.ece,1
http://www.thehindu.com/todays-paper/tp-national/tp-andhrapradesh/wapcos-submits-report-on-godavari-pennar-linkage/article21779447.ece,0
http://www.thehindu.com/todays-paper/tp-national/tp-kerala/Work-at-quarries-in-Ernakulam-stops/article14903156.ece,1
http://www.thehindu.com/todays-paper/tp-features/tp-downtown/ishas-weeklong-programme/article3950300.ece,0
http://www.thehindu.com/todays-paper/tp-national/private-airlines-hike-ticket-cost/article3028467.ece,0
http://www.thehindu.com/todays-paper/tp-national/tp-tamilnadu/CPIM-cadre-stage-demonstration/article16618356.ece,1
http://www.thehindu.com/todays-paper/tp-business/idbi-bank-to-divest-stake-in-shcil/article5748226.ece,0
http://www.thehindu.com/todays-paper/tp-national/tp-andhrapradesh/Need-to-tighten-laws-on-biodiversity-stressed/article16349178.ece,0
http://www.thehindu.com/todays-paper/tp-features/tp-sundaymagazine/bored-with-bollywood/article3219527.ece,0
http://www.thehindu.com/todays-paper/tp-national/tp-newdelhi/kejriwal-sisodia-meet-rajnath/article7627225.ece,1
http://www.thehindu.com/todays-paper/tp-national/tp-kerala/Banks-in-Kottayam-exceed-lending-target/article15251986.ece,0
http://www.thehindu.com/todays-paper/tp-national/will-not-be-browbeaten-akhilesh-tells-babus/article4980183.ece,0
http://www.thehindu.com/todays-paper/tp-national/tp-telangana/expo-postponed/article7476253.ece,0
http://www.thehindu.com/todays-paper/tp-national/tp-karnataka/briefly/article6346286.ece,0
http://www.thehindu.com/todays-paper/tp-national/tp-andhrapradesh/Panchayat-workers-on-hunger-strike/article15904002.ece,1
http://www.thehindu.com/todays-paper/tp-national/Yechury-takes-a-dig-at-Advani-on-Nandigram/article14897616.ece,1
http://www.thehindu.com/todays-paper/good-samaritanturnedthief-held/article8255667.ece,0
http://www.thehindu.com/todays-paper/Pak.-still-in-denial-on-India%E2%80%99s-LoC-action/article15421000.ece,0
http://www.thehindu.com/todays-paper/tp-features/tp-metroplus/i-am-my-material-source/article4812526.ece,0
http://www.thehindu.com/todays-paper/tp-national/tp-andhrapradesh/Congress-office-in-Vidyut-Bhavan-flayed/article14778880.ece,1
http://www.thehindu.com/todays-paper/tp-national/tp-andhrapradesh/Congress-TDP-activists-taken-into-preventive-custody/article15734099.ece,1
http://www.thehindu.com/todays-paper/tp-features/tp-metroplus/the-guardian-quick-crossword11451/article5711093.ece,0
http://www.thehindu.com/todays-paper/tp-national/Withdraw-cases-against-Osmania-University-students-Kodandaram/article15576437.ece,1
http://www.thehindu.com/todays-paper/tp-business/Sensex-ends-below-18000/article16148118.ece,0
http://www.thehindu.com/todays-paper/tp-features/tp-metroplus/on-a-hatke-terrain/article3186662.ece,0
http://www.thehindu.com/todays-paper/tp-national/tp-kerala/laws-to-protect-women-lack-teeth/article2232324.ece,0
http://www.thehindu.com/todays-paper/tp-national/tp-otherstates/Uncertainty-over-TI-parade-in-nun-rape-case/article16345091.ece,1
http://www.thehindu.com/todays-paper/tp-national/tp-tamilnadu/hundi-broken/article2614044.ece,0
http://www.thehindu.com/todays-paper/tp-national/tp-tamilnadu/cpim-for-govt-takeover-of-mining/article5020806.ece,0
http://www.thehindu.com/todays-paper/tp-features/tp-metroplus/checkmate/article7144185.ece,0
http://www.thehindu.com/todays-paper/tp-features/tp-metroplus/Embracing-stereotypes/article14638235.ece,0
http://www.thehindu.com/todays-paper/tp-national/tp-andhrapradesh/Protesting-AISF-leaders-arrested/article14488202.ece,1
http://www.thehindu.com/todays-paper/tp-features/tp-fridayreview/lsquoCall-me-GNBrsquo/article15401178.ece,0
http://www.thehindu.com/todays-paper/tp-national/tp-kerala/100-plaints-received-at-womens-adalat/article19724983.ece,0
http://www.thehindu.com/todays-paper/tp-national/tp-tamilnadu/Residents-want-more-postal-ATMs-opened-across-city/article13992618.ece,0
http://www.thehindu.com/todays-paper/tp-miscellaneous/tp-others/tamilbrahmi-script-discovered-on-samanamalai-near-madurai/article3221703.ece,0
http://www.thehindu.com/todays-paper/tp-features/tp-metroplus/the-ez-way/article3852544.ece,0
http://www.thehindu.com/todays-paper/tp-features/tp-metroplus/your-pamper-routine/article8627086.ece,0
http://www.thehindu.com/todays-paper/tp-national/tp-karnataka/Probe-sought-into-killing-of-naxal/article14704264.ece,0
http://www.thehindu.com/todays-paper/tp-features/tp-fridayreview/baron-of-the-boxoffice/article2272750.ece,0
http://www.thehindu.com/todays-paper/tp-sports/regional-roundup/article5808071.ece,0
http://www.thehindu.com/todays-paper/tp-features/tp-editorialfeatures/Periodic-Table-updated/article14007490.ece,0
http://www.thehindu.com/todays-paper/tp-national/tp-tamilnadu/Bogus-certificates-charge-against-teacher-candidates/article15177772.ece,1
http://www.thehindu.com/todays-paper/tp-national/tp-otherstates/lsquoRTI-most-cases-related-to-personal-grievancesrsquo/article16526539.ece,0
http://www.thehindu.com/todays-paper/tp-national/ambika-soni-attacks-team-anna/article3478519.ece,0
http://www.thehindu.com/todays-paper/tp-features/tp-metroplus/concept-of-odis-was-alien-to-us/article6883945.ece,0
http://www.thehindu.com/todays-paper/tp-national/maoists-blast-power-station-in-bihar/article4596786.ece,1
http://www.thehindu.com/todays-paper/tp-national/tp-newdelhi/Dacoits-raid-IES-officials-house-injure-10-family-members/article15679846.ece,0
http://www.thehindu.com/todays-paper/tp-national/tp-andhrapradesh/Gearing-up/article14734284.ece,0
http://www.thehindu.com/todays-paper/tp-in-school/not-a-bright-move/article7793373.ece,0
http://www.thehindu.com/todays-paper/Congress-march-flagged-off/article16330631.ece,1
http://www.thehindu.com/todays-paper/tp-national/tp-kerala/brewing-protest/article5533251.ece,1
http://www.thehindu.com/todays-paper/tp-national/tp-tamilnadu/police-denies-permission-for-fast/article3141162.ece,1
http://www.thehindu.com/todays-paper/tp-national/tp-andhrapradesh/swaminathan-to-be-she-chief-patron/article7005018.ece,0
http://www.thehindu.com/todays-paper/tp-national/tp-tamilnadu/follow-biomedical-waste-rules/article17747828.ece,0
http://www.thehindu.com/todays-paper/tp-national/tp-tamilnadu/Libraries-must-become-peoplersquos-forum-Minister/article14879789.ece,0
http://www.thehindu.com/todays-paper/tp-national/tp-tamilnadu/engagements/article2413908.ece,0
http://www.thehindu.com/todays-paper/tp-national/tp-kerala/inspection-squads-constituted/article3087869.ece,0
http://www.thehindu.com/todays-paper/tp-national/tp-tamilnadu/hotels-marriage-halls-briefed-on-election-code/article8344950.ece,0
http://www.thehindu.com/todays-paper/tp-national/tp-kerala/five-held-on-charge-of-selling-drugs/article6315202.ece,0
http://www.thehindu.com/todays-paper/tp-national/tp-telangana/hyderabad-today/article7091512.ece,0
http://www.thehindu.com/todays-paper/rail-roko-plan-for-36-hours/article2481047.ece,1
http://www.thehindu.com/todays-paper/tp-national/tp-tamilnadu/encouraging-response-to-pulse-polio-immunisation-campaign/article18431038.ece,0
http://www.thehindu.com/todays-paper/tp-national/tp-tamilnadu/Planting-operations-going-on-in-full-swing-at-Simrsquos-Park/article15965113.ece,0
http://www.thehindu.com/todays-paper/tp-national/tp-tamilnadu/jobseekers-turn-disappointed/article3070146.ece,0
http://www.thehindu.com/todays-paper/tp-national/tp-newdelhi/befriend-but-crack-the-whip/article4808790.ece,0
http://www.thehindu.com/todays-paper/tp-national/tp-tamilnadu/gender-discrimination-haunts-the-visually-challenged-too/article2680102.ece,0
http://www.thehindu.com/todays-paper/tp-national/tp-tamilnadu/ttdc-procuring-1500-trendy-life-jackets/article2481074.ece,0
http://www.thehindu.com/todays-paper/tp-national/tp-karnataka/Applications-invited/article15148929.ece,0
http://www.thehindu.com/todays-paper/tp-features/tp-fridayreview/rajalekshmi-the-reclusive-author/article7686344.ece,0
http://www.thehindu.com/todays-paper/tp-national/All-procedures-followed-in-tunnel-contract-Gadkari/article13997206.ece,0
http://www.thehindu.com/todays-paper/tp-national/up-in-arms/article18964193.ece,1
http://www.thehindu.com/todays-paper/tp-national/sri-lankan-monk-assaulted/article4517654.ece,1
http://www.thehindu.com/todays-paper/tp-national/tp-andhrapradesh/flash-mob-event-held-at-gvk-one/article3777877.ece,0
http://www.thehindu.com/todays-paper/tp-national/tp-karnataka/no-animal-sacrifice-at-kakkeri-activist/article5242539.ece,0
http://www.thehindu.com/todays-paper/tp-national/tp-andhrapradesh/Nuclear-deal-opposed/article14828552.ece,0
http://www.thehindu.com/todays-paper/tp-national/tp-andhrapradesh/All-set-for-bank-officersrsquo-meet/article14868707.ece,0
http://www.thehindu.com/todays-paper/tp-national/tp-newdelhi/Three-minor-girls-criminally-assaulted/article14814504.ece,0
http://www.thehindu.com/todays-paper/tp-features/tp-metroplus/Flavours-of-Bengal/article14943519.ece,0
http://www.thehindu.com/todays-paper/tp-national/tp-andhrapradesh/rb-engineer-in-acb-net-for-amassing-wealth/article19598971.ece,0
http://www.thehindu.com/todays-paper/tp-national/tp-tamilnadu/search-on-for-man-for-cheating-lover/article7436257.ece,0
http://www.thehindu.com/todays-paper/tp-national/tp-karnataka/coaching-for-sslc-pu-students/article6191265.ece,0
http://www.thehindu.com/todays-paper/tp-national/tp-kerala/handicraft-expo-from-friday/article3928597.ece,0
http://www.thehindu.com/todays-paper/tp-in-school/Kerber-defending-Graf%E2%80%99s-record-gets-the-message/article14024992.ece,0
http://www.thehindu.com/todays-paper/tp-national/tp-otherstates/former-kendrapara-sp-suspended/article7538359.ece,1
http://www.thehindu.com/todays-paper/tp-national/tp-karnataka/cbi-probe-sought-over-2008-pakistan-flaghoisting/article5442743.ece,1
http://www.thehindu.com/todays-paper/tp-national/nasheed-sent-back-to-jail/article7576523.ece,0
http://www.thehindu.com/todays-paper/tp-national/tp-newdelhi/theatre-artistes-held-on-suspicion/article2464075.ece,1
http://www.thehindu.com/todays-paper/tp-national/tp-tamilnadu/Powerloom-workers-to-support-strike/article14474838.ece,0
http://www.thehindu.com/todays-paper/tp-in-school/kenya-clash/article17547808.ece,1
http://www.thehindu.com/todays-paper/tp-national/tp-kerala/cinema/article2767816.ece,0
http://www.thehindu.com/todays-paper/tp-national/tp-tamilnadu/engagements/article3541224.ece,0
http://www.thehindu.com/todays-paper/tp-national/tp-otherstates/congress-hopeful-of-trinamool-support-for-pranab-mukherjee/article3604465.ece,0
http://www.thehindu.com/todays-paper/tp-national/Visa-relaxation-may-not-bring-many-Pakistanis-to-Mohali/article14963957.ece,0
http://www.thehindu.com/todays-paper/tp-features/tp-metroplus/under-the-chestnut-tree/article4674904.ece,0
http://www.thehindu.com/todays-paper/tp-national/tp-tamilnadu/all-ksrp-personnel-deployed-to-stop-them-from-staging-protest/article6068559.ece,1
http://www.thehindu.com/todays-paper/tp-national/tp-andhrapradesh/Spanish-classes/article15152389.ece,0
http://www.thehindu.com/todays-paper/tp-features/tp-downtown/majestic-hills/article18703484.ece,0
http://www.thehindu.com/todays-paper/tp-international/riyadh-tightens-security-in-pakistan-missions-after-assassination/article2030619.ece,1
http://www.thehindu.com/todays-paper/Orissa-accepts-8-Maoist-demands/article15453900.ece,1
http://www.thehindu.com/todays-paper/tp-national/tp-andhrapradesh/lsquoRosaiah-Government-has-failed-on-all-fronts/article16050456.ece,1
http://www.thehindu.com/todays-paper/tp-national/tp-kerala/weaving-poetry-away-from-the-literary-gaze/article6143728.ece,0
http://www.thehindu.com/todays-paper/tp-features/tp-educationplus/IIT-Hyderabad-develops-sanitary-napkins-that-absorb-better/article14987078.ece,0
http://www.thehindu.com/todays-paper/tp-features/tp-educationplus/Stress-on-clean-environment/article15942836.ece,0
http://www.thehindu.com/todays-paper/tp-national/tp-karnataka/Traders-against-plan-to-amend-APMC-Act/article14702487.ece,1
http://www.thehindu.com/todays-paper/tp-features/tp-fridayreview/wit-and-wisdom/article5326883.ece,0
http://www.thehindu.com/todays-paper/tp-business/beginning-of-a-new-era-industry/article2592920.ece,0
http://www.thehindu.com/todays-paper/tp-in-school/three-indian-firms-among-world-s-most-innovative-companies/article7562867.ece,0
http://www.thehindu.com/todays-paper/tp-features/tp-metroplus/stay-fit/article7299423.ece,0
http://www.thehindu.com/todays-paper/tp-national/tp-otherstates/Terror-has-no-caste-creed-or-religion-Rajnath-Singh/article16148349.ece,0
http://www.thehindu.com/todays-paper/tp-national/tp-tamilnadu/Bank-branch-shifted/article15674767.ece,0
http://www.thehindu.com/todays-paper/tp-international/cameron-bats-for-religion/article2725196.ece,0
http://www.thehindu.com/todays-paper/tp-miscellaneous/tp-others/performance-of-arasu-cable-tv-dismal-cag/article2457754.ece,0
http://www.thehindu.com/todays-paper/tp-national/tp-andhrapradesh/au-will-concentrate-on-research-vc/article5525329.ece,0
http://www.thehindu.com/todays-paper/tp-national/tp-newdelhi/Tender-for-bulletproof-jackets-scrapped/article15961138.ece,0
http://www.thehindu.com/todays-paper/tp-national/tp-kerala/healthy-protest/article4839709.ece,1
http://www.thehindu.com/todays-paper/tp-in-school/raina-played-a-fantastic-knock-dhoni/article6361229.ece,0
http://www.thehindu.com/todays-paper/tp-national/tp-karnataka/Top-leaders-make-a-beeline-for-Bangarpet/article14672330.ece,0
http://www.thehindu.com/todays-paper/tp-national/tp-andhrapradesh/rosaiah-presents-financial-assistance-to-students/article2605001.ece,0
http://www.thehindu.com/todays-paper/tp-national/railway-project-to-put-kurnool-on-track-of-development/article4560668.ece,0
http://www.thehindu.com/todays-paper/tp-national/tp-kerala/experts-stress-on-bettering-undergraduate-education/article19578851.ece,0
http://www.thehindu.com/todays-paper/tp-national/mamata-sets-up-rs-500crore-fund-for-chit-fund-losers/article4652152.ece,0
http://www.thehindu.com/todays-paper/tp-national/bsnl-replacing-outdated-exchanges/article4954662.ece,0
http://www.thehindu.com/todays-paper/hospital-drama-ends-dna-establishes-parentage/article3285848.ece,0
http://www.thehindu.com/todays-paper/tp-features/tp-metroplus/Paradise-regained/article15712354.ece,0
http://www.thehindu.com/todays-paper/tp-national/tp-tamilnadu/teachers-ask-medical-students-to-call-off-protest/article5034473.ece,1
http://www.thehindu.com/todays-paper/tp-national/tp-andhrapradesh/aca-felicitates-cricketer-kalpana/article7548293.ece,0
http://www.thehindu.com/todays-paper/tp-national/baseless-mischievous-slanderous/article2430773.ece,0
http://www.thehindu.com/todays-paper/tp-in-school/chromebook-computing-niche-tied-to-the-internet/article5579568.ece,0
http://www.thehindu.com/todays-paper/tp-features/tp-metroplus/autoquizzing/article3203451.ece,0
http://www.thehindu.com/todays-paper/tp-national/tp-andhrapradesh/two-killed-in-building-collapse/article7704010.ece,0
http://www.thehindu.com/todays-paper/tp-features/tp-fridayreview/Befitting-World-Theatre-Day/article15937772.ece,0
http://www.thehindu.com/todays-paper/tp-in-school/qwikipedia/article5490663.ece,0
http://www.thehindu.com/todays-paper/tp-features/tp-metroplus/green-girl/article2080105.ece,0
http://www.thehindu.com/todays-paper/tp-national/tp-andhrapradesh/mool-nivasi-mela-inaugurated/article3305932.ece,0
http://www.thehindu.com/todays-paper/tp-national/tp-karnataka/Protest-against-permitting-bar-in-residential-area/article15253549.ece,1
http://www.thehindu.com/todays-paper/tp-national/tp-tamilnadu/demonstration-staged/article3905765.ece,1
http://www.thehindu.com/todays-paper/tp-national/tp-tamilnadu/dindigul-engagements/article19158361.ece,0
http://www.thehindu.com/todays-paper/tp-national/tp-andhrapradesh/parties-employee-unions-back-general-strike/article2940570.ece,0
http://www.thehindu.com/todays-paper/tp-national/tp-newdelhi/minister-promises-action-against-erring-officials/article2852174.ece,0
http://www.thehindu.com/todays-paper/tp-features/tp-metroplus/Picture-is-rosy/article15386827.ece,0
http://www.thehindu.com/todays-paper/tp-national/tp-newdelhi/Jamia-getting-ready-for-Founderrsquos-Day-festivities/article16500411.ece,0
http://www.thehindu.com/todays-paper/land-for-houses-acquired-against-all-odds-in-kanyakumari-district/article3038807.ece,0
http://www.thehindu.com/todays-paper/tp-national/tp-karnataka/Youth-activists-demand-impartial-probe/article14479035.ece,1
http://www.thehindu.com/todays-paper/tp-national/tp-andhrapradesh/Nannapaneni-injured-in-lsquoattackrsquo/article16555114.ece,1
http://www.thehindu.com/todays-paper/tp-national/tp-kerala/this-onam-watch-the-city-glow/article6336832.ece,0
http://www.thehindu.com/todays-paper/tp-national/tp-andhrapradesh/Indiramma-housing-tardy-progress-flayed/article15137956.ece,0
http://www.thehindu.com/todays-paper/tp-national/tp-tamilnadu/Security-tightened/article15277797.ece,1
http://www.thehindu.com/todays-paper/tp-features/tp-fridayreview/music/article4056219.ece,0
http://www.thehindu.com/todays-paper/tp-features/tp-downtown/Art-show/article14001831.ece,0
http://www.thehindu.com/todays-paper/tp-national/tp-newdelhi/protesters-block-traffic-hooda-orders-probe-into-violence/article4713090.ece,1
http://www.thehindu.com/todays-paper/tp-national/tp-tamilnadu/Campaign-to-end-corruption/article14825595.ece,1
http://www.thehindu.com/todays-paper/tp-national/tp-karnataka/JDS-says-SEC-is-soft-on-Chief-Minister/article16008420.ece,0
http://www.thehindu.com/todays-paper/tp-national/%E2%80%98Instilled-pride-in-Latin-American-nations%E2%80%99/article16709100.ece,0
http://www.thehindu.com/todays-paper/tp-national/tp-karnataka/Training-for-poll-officials/article15199871.ece,0
http://www.thehindu.com/todays-paper/tp-national/tp-tamilnadu/farmers-grow-green-fodder-to-tackle-shortage/article5008810.ece,0
http://www.thehindu.com/todays-paper/tp-features/tp-metroplus/have-a-memorable-trip/article3201984.ece,0
http://www.thehindu.com/todays-paper/tp-national/tp-otherstates/left-parties-should-unite-expose-modi-govt/article7412306.ece,0
http://www.thehindu.com/todays-paper/tp-national/tp-andhrapradesh/top-cop-cautions-revellers-in-city/article4255330.ece,0
http://www.thehindu.com/todays-paper/tp-in-school/penned-down-for-posterity/article6637220.ece,0
http://www.thehindu.com/todays-paper/tp-national/tp-andhrapradesh/rallies-mark-world-aids-day/article4156016.ece,1
http://www.thehindu.com/todays-paper/tp-national/tp-kerala/frame-policy-on-construction-sector/article2291738.ece,0
http://www.thehindu.com/todays-paper/tp-features/tp-metroplus/Festival-of-Short-Films/article15373847.ece,0
http://www.thehindu.com/todays-paper/tp-sports/fans-rock-as-world-cup-rolls-on/article6934643.ece,0
http://www.thehindu.com/todays-paper/tp-national/tp-karnataka/congress-will-gain-majority-in-upper-house-prasad/article8012779.ece,0
http://www.thehindu.com/todays-paper/tp-sports/Good-outing-for-Arjun-Maini/article14486555.ece,0
http://www.thehindu.com/todays-paper/tp-national/tp-karnataka/two-killed-in-accident/article6253999.ece,0
http://www.thehindu.com/todays-paper/tp-national/tp-tamilnadu/power-loom-workers-strike-continues/article7166191.ece,1
http://www.thehindu.com/todays-paper/tp-national/tp-kerala/school-athletic-meet-disrupted-again/article6601576.ece,1
http://www.thehindu.com/todays-paper/tp-national/tp-newdelhi/now-aap-promises-500-new-schools/article6769798.ece,0
http://www.thehindu.com/todays-paper/tp-national/tp-kerala/Engagements/article16135968.ece,0
http://www.thehindu.com/todays-paper/tp-national/tp-tamilnadu/Thousands-express-gratitude-to-108-service/article15671528.ece,0
http://www.thehindu.com/todays-paper/tp-national/tp-tamilnadu/Temple-renovated/article15167686.ece,0
http://www.thehindu.com/todays-paper/tp-national/tp-karnataka/residents-protest-delay-in-improving-road/article5166017.ece,1
http://www.thehindu.com/todays-paper/tp-national/tp-karnataka/i-will-take-full-responsibility-for-bbmp-poll-result/article7556002.ece,0
http://www.thehindu.com/todays-paper/tp-national/tp-karnataka/domestic-help-bludgeoned-to-death-police-suspect-husband/article5521703.ece,0
http://www.thehindu.com/todays-paper/tp-national/tp-kerala/Seminar/article15343371.ece,0
http://www.thehindu.com/todays-paper/tp-features/tp-cinemaplus/the-darker-side-of-life/article2000113.ece,0
http://www.thehindu.com/todays-paper/tp-features/tp-metroplus/the-island-princess/article2254066.ece,0
http://www.thehindu.com/todays-paper/tp-sports/Arun-Raj-nets-Arrows-winner/article14965576.ece,0
http://www.thehindu.com/todays-paper/farmers-protest-as-outflow-from-krs-is-increased/article7687504.ece,1
http://www.thehindu.com/todays-paper/Militants-storm-Pakistan-university-kill-at-least-20/article14011648.ece,1
http://www.thehindu.com/todays-paper/tp-national/tp-andhrapradesh/tdp-protests-irregular-power-supply-to-farm-sector/article4470831.ece,1
http://www.thehindu.com/todays-paper/tp-national/tp-newdelhi/Recognising-efforts-to-protect-conserve-wild-tigers/article14934715.ece,0
http://www.thehindu.com/todays-paper/108-ambulance-staff-to-resume-work-today/article5005443.ece,1
http://www.thehindu.com/todays-paper/tp-national/tp-andhrapradesh/State-failed-in-stalling-lsquoillegal-projects-says-TDP/article16189190.ece,1
http://www.thehindu.com/todays-paper/tp-sports/good-day-for-indians/article8664414.ece,0
http://www.thehindu.com/todays-paper/tp-national/tp-karnataka/Samiti-opposes-handing-over-of-agricultural-land-to-SEZ/article14804131.ece,0
http://www.thehindu.com/todays-paper/tp-features/tp-cinemaplus/war-on-hunger/article5180397.ece,0
http://www.thehindu.com/todays-paper/tp-features/tp-metroplus/4/article5352315.ece,0
http://www.thehindu.com/todays-paper/tp-national/tp-kerala/memu-inaugural-run-likely-today/article3008507.ece,0
http://www.thehindu.com/todays-paper/tp-national/tp-tamilnadu/TNGEA-members-stage-demonstration/article16027500.ece,1
http://www.thehindu.com/todays-paper/tp-national/tp-karnataka/old-toll-rates-resumed-at-brahmarakutlu/article5932845.ece,1
http://www.thehindu.com/todays-paper/tp-national/tp-karnataka/pu-lecturers-to-observe-black-day/article2425032.ece,0
http://www.thehindu.com/todays-paper/tp-national/tp-newdelhi/man-beaten-up-outside-home/article7717676.ece,1
http://www.thehindu.com/todays-paper/tp-national/tp-newdelhi/%E2%80%98Nothing-has-changed-since-AAP-came%E2%80%99/article15571138.ece,0
http://www.thehindu.com/todays-paper/One-day-agitation-against-KAS-cripples-Secretariat/article17316764.ece,1
http://www.thehindu.com/todays-paper/tp-national/tp-andhrapradesh/Seetharamaiah-remembered/article15321151.ece,0
http://www.thehindu.com/todays-paper/tp-features/tp-metroplus/hike-without-hitch/article3196753.ece,0
http://www.thehindu.com/todays-paper/tp-national/tp-karnataka/regularise-cultivation-on-government-land-sangha/article2402093.ece,1
http://www.thehindu.com/todays-paper/tp-national/tp-karnataka/lsquoRemove-journalistrsquos-name-from-list-of-naxal-supportersrsquo/article14783038.ece,1
http://www.thehindu.com/todays-paper/tp-national/tp-kerala/Reunion-at-Model-school/article16941514.ece,0
http://www.thehindu.com/todays-paper/tp-features/tp-metroplus/ask-shahnaz/article5554867.ece,0
http://www.thehindu.com/todays-paper/Chidambaram-none-should-support-the-Maoists/article16128990.ece,1
http://www.thehindu.com/todays-paper/Atiq-Ahmed-arrested-in-New-Delhi/article15156519.ece,1
http://www.thehindu.com/todays-paper/tp-national/tp-kerala/demanding-quota/article3685324.ece,1
http://www.thehindu.com/todays-paper/tp-national/tp-otherstates/Sensitive-places-in-Lucknow-identified-security-tightened/article15360756.ece,1
http://www.thehindu.com/todays-paper/tp-national/tp-andhrapradesh/delay-in-compensation-ryots-lay-siege-to-mro-office/article3164246.ece,1
http://www.thehindu.com/todays-paper/tp-national/tp-tamilnadu/telecom-employees-stage-protest/article7340553.ece,1
http://www.thehindu.com/todays-paper/tp-national/tp-kerala/gandhi-section-in-assembly-museum/article3507752.ece,0
http://www.thehindu.com/todays-paper/tp-national/tp-kerala/Car-crashes-into-Public-Office-wall/article14009453.ece,0
http://www.thehindu.com/todays-paper/tp-national/tp-tamilnadu/Karunanidhi-to-MLAs-donrsquot-waste-time-in-praising-me/article15959454.ece,0
http://www.thehindu.com/todays-paper/tp-national/tp-kerala/Private-bus-strike-total-in-city/article15281058.ece,1
http://www.thehindu.com/todays-paper/tp-national/tp-andhrapradesh/trs-mlc-condemns-ministers-statement/article2237570.ece,0
http://www.thehindu.com/todays-paper/tp-national/tp-tamilnadu/Toddy-tappers-held-in-districts/article16357126.ece,1
http://www.thehindu.com/todays-paper/tp-national/tp-kerala/A-delightful-spread/article14790536.ece,0
http://www.thehindu.com/todays-paper/tp-features/tp-metroplus/Going-the-yoga-way-to-good-health/article15446898.ece,0
http://www.thehindu.com/todays-paper/tp-in-school/meghalaya/article6072718.ece,1
http://www.thehindu.com/todays-paper/tp-national/tp-kerala/AIDS-patients-seek-more-outreach-services/article16818741.ece,0
http://www.thehindu.com/todays-paper/tp-national/tp-andhrapradesh/TDP-seeks-CBI-probe-into-lsquomisuse-of-power-by-YSR/article15907215.ece,0
http://www.thehindu.com/todays-paper/tp-features/tp-cinemaplus/simple-living-high-thinking/article2764722.ece,0
http://www.thehindu.com/todays-paper/tp-national/tp-karnataka/Decision-today-on-date-of-airport-opening/article15221184.ece,0
http://www.thehindu.com/todays-paper/tp-national/tp-andhrapradesh/land-for-airport-farmers-submit-862-petitions-in-protest/article7626895.ece,1
http://www.thehindu.com/todays-paper/tp-national/tp-tamilnadu/normality-returns-to-mettupalayam/article4079734.ece,1
http://www.thehindu.com/todays-paper/tp-national/tp-andhrapradesh/TDP-leaders-seek-arrest-of-Jagan-Roja/article14497486.ece,1
http://www.thehindu.com/todays-paper/tp-features/tp-metroplus/happy-birthday-donald/article2246700.ece,0
http://www.thehindu.com/todays-paper/tp-business/air-india-may-not-be-debt-free-before-sale/article19218359.ece,0
http://www.thehindu.com/todays-paper/tp-national/tp-otherstates/bengal-govt-alone-in-opposing-strike/article2926738.ece,0
http://www.thehindu.com/todays-paper/tp-national/tp-andhrapradesh/woman-doctor-shot-at-in-imphal-clinic/article5765715.ece,1
http://www.thehindu.com/todays-paper/tp-national/tp-kerala/LDF-cannot-evade-responsibility-Antony/article14810292.ece,0
http://www.thehindu.com/todays-paper/tp-national/tp-tamilnadu/action-against-pmk-candidate-sought/article5353883.ece,0
http://www.thehindu.com/todays-paper/tp-national/tp-tamilnadu/four-held-with-liquor-bottles/article7385115.ece,0
http://www.thehindu.com/todays-paper/tp-national/tp-karnataka/iuml-to-expand-its-base-in-india/article7316829.ece,0
http://www.thehindu.com/todays-paper/tp-features/tp-editorialfeatures/100-years-since-Einstein%E2%80%99s-popular-theory/article14008142.ece,0
http://www.thehindu.com/todays-paper/tp-national/tp-tamilnadu/camp-for-teachers/article3389753.ece,0
http://www.thehindu.com/todays-paper/tp-national/tp-karnataka/kannada-sahitya-sammelan-brings-people-more-closer-than-ever-in-kodagu/article5572548.ece,0
http://www.thehindu.com/todays-paper/tp-national/tp-karnataka/Protest/article14788822.ece,1
http://www.thehindu.com/todays-paper/tp-national/Maharashtra-Minister-gets-clean-chit-in-%E2%80%98chikki%E2%80%99-case/article16921750.ece,0
http://www.thehindu.com/todays-paper/tp-national/tp-kerala/Man-arrested-for-selling-liquor/article15897266.ece,0
http://www.thehindu.com/todays-paper/tp-business/Otis-India-launches-new-elevator-system/article15996741.ece,0
http://www.thehindu.com/todays-paper/tp-national/tp-tamilnadu/Policeman-held-on-charge-of-sexual-assault-on-minor-boy/article16655864.ece,1
http://www.thehindu.com/todays-paper/tp-national/tp-newdelhi/traders-to-demand-moratorium-on-sealing/article3035221.ece,0
http://www.thehindu.com/todays-paper/tp-features/tp-metroplus/shop/article4083218.ece,0
http://www.thehindu.com/todays-paper/tp-national/tp-tamilnadu/regularisation-of-weekly-trains-sought/article2673207.ece,0
http://www.thehindu.com/todays-paper/tp-national/tp-karnataka/women-need-to-be-cautious-about-osteoporosis/article2737344.ece,0
http://www.thehindu.com/todays-paper/tp-national/Supreme-Court-wonrsquot-restrain-Gujarat-from-acting-on-report/article15311805.ece,1
http://www.thehindu.com/todays-paper/tp-features/tp-metroplus/mad-about-minions/article7478582.ece,0
http://www.thehindu.com/todays-paper/tp-national/tp-andhrapradesh/Temples-decked-up-for-Sivaratri/article15983361.ece,0
http://www.thehindu.com/todays-paper/tp-national/tp-tamilnadu/construction-workers-observe-fast/article5122499.ece,1
http://www.thehindu.com/todays-paper/tp-national/tp-andhrapradesh/Women-stage-dharna-for-gas-connection/article15316227.ece,1
http://www.thehindu.com/todays-paper/tp-in-school/endangered-birds-on-cypriot-menu/article6047012.ece,0
http://www.thehindu.com/todays-paper/tp-features/tp-fridayreview/no-instant-gratification/article7612814.ece,0
http://www.thehindu.com/todays-paper/Protests-mark-Rohith%E2%80%99s-death-anniversary/article17052761.ece,1
http://www.thehindu.com/todays-paper/tp-national/tp-andhrapradesh/mondelez-india-sees-huge-potential-in-rural-markets/article8530089.ece,0
http://www.thehindu.com/todays-paper/tp-features/tp-editorialfeatures/training-takes-the-back-seat/article2740038.ece,0
http://www.thehindu.com/todays-paper/tp-national/tp-otherstates/flower-market-yet-to-become-fully-functional/article5667110.ece,0
http://www.thehindu.com/todays-paper/tp-national/tp-tamilnadu/Saraswati-pooja/article15320005.ece,0
http://www.thehindu.com/todays-paper/tp-national/tp-karnataka/scarcity-of-sand-in-mysuru-eases-a-bit/article6681214.ece,0
http://www.thehindu.com/todays-paper/tp-national/tp-otherstates/bjd-on-the-defensive/article7906745.ece,1
http://www.thehindu.com/todays-paper/tp-national/tp-kerala/row-over-alleged-mass-transfer/article2089699.ece,1
http://www.thehindu.com/todays-paper/tp-features/tp-editorialfeatures/obituary/article6778684.ece,0
http://www.thehindu.com/todays-paper/tp-national/tp-karnataka/education-can-end-disharmony/article3038512.ece,1
http://www.thehindu.com/todays-paper/tp-national/tp-tamilnadu/Rs.5.15-crore-additional-fund-for-Special-Roads-Scheme/article15533788.ece,0
http://www.thehindu.com/todays-paper/tp-national/tp-tamilnadu/Baalu-optimistic-about-completing-Sethusamudram-project-in-time/article14864555.ece,0
http://www.thehindu.com/todays-paper/tp-national/tp-karnataka/Works-of-young-photographers-to-be-displayed-tomorrow/article15797368.ece,0
http://www.thehindu.com/todays-paper/tp-sports/gangjee-makes-the-cut-johl-misses-the-bus/article3079812.ece,0
http://www.thehindu.com/todays-paper/tp-national/tp-andhrapradesh/They-come-up-with-tips-to-make-study-easy-and-interesting/article16564112.ece,0
http://www.thehindu.com/todays-paper/tp-national/tp-mumbai/How-to-catch-%E2%80%99em-young/article14595401.ece,0
http://www.thehindu.com/todays-paper/tp-miscellaneous/this-day-that-age-dated-december-31-1962/article4257477.ece,0
http://www.thehindu.com/todays-paper/tp-national/tp-tamilnadu/residents-protest-against-illegal-water-connections/article21263435.ece,1
http://www.thehindu.com/todays-paper/tp-national/tp-karnataka/Congress-plans-protest/article16523940.ece,0
http://www.thehindu.com/todays-paper/tp-national/tp-tamilnadu/Number-of-micro-and-small-industries-rising/article16618850.ece,0
http://www.thehindu.com/todays-paper/tp-national/tp-andhrapradesh/IT-firms-put-on-tax-liability-radar/article14786234.ece,0
http://www.thehindu.com/todays-paper/tp-national/tp-tamilnadu/Strike-hits-work-in-many-offices/article14866932.ece,1
http://www.thehindu.com/todays-paper/tp-national/tp-karnataka/lucky-escape/article18424074.ece,0
http://www.thehindu.com/todays-paper/tp-miscellaneous/birth-anniversary/article2030822.ece,0
http://www.thehindu.com/todays-paper/tp-national/tp-kerala/fascism-on-the-rise-satchidanandan/article19712937.ece,0
http://www.thehindu.com/todays-paper/tp-national/tp-karnataka/suresh-kumar-to-stage-protest-in-vikasa-soudha-today/article6494956.ece,0
http://www.thehindu.com/todays-paper/tp-national/tp-otherstates/Chittaurgarh-town-tense-but-calm/article15190101.ece,1
http://www.thehindu.com/todays-paper/tp-features/tp-metroplus/its-all-in-the-head/article4592945.ece,0
http://www.thehindu.com/todays-paper/tp-national/Loud-and-clear/article13997190.ece,1
http://www.thehindu.com/todays-paper/tp-national/tp-andhrapradesh/end-political-killings-rajnath/article6451453.ece,1
http://www.thehindu.com/todays-paper/tp-national/tp-kerala/kfc-unions-allege-smear-campaign/article2044308.ece,0
http://www.thehindu.com/todays-paper/tp-sports/skarpnord-leads/article20137464.ece,0
http://www.thehindu.com/todays-paper/tp-features/tp-fridayreview/Looking-for-new-frontiers/article17156915.ece,0
http://www.thehindu.com/todays-paper/tp-national/tp-mumbai/no-police-traffic-noc-no-permission-bmc-keeps-ganesh-mandals-on-tenterhooks/article19522136.ece,0
http://www.thehindu.com/todays-paper/tp-national/tp-kerala/Lawyers-boycott-courts/article14504271.ece,1
http://www.thehindu.com/todays-paper/tp-opinion/appeal-to-parliamentarians-on-nuclear-deal/article3090406.ece,0
http://www.thehindu.com/todays-paper/tp-national/tp-andhrapradesh/UGC-seminar-held/article14704492.ece,0
http://www.thehindu.com/todays-paper/tp-features/tp-educationplus/Key-centres-for-study-of-foreign-languages/article15539927.ece,0
http://www.thehindu.com/todays-paper/tp-national/tp-newdelhi/Sushma-shifted-out-of-ICU-AIIMS/article16802833.ece,0
http://www.thehindu.com/todays-paper/tp-national/tp-tamilnadu/orientation-on-murrel-fish-culture/article3553111.ece,0
http://www.thehindu.com/todays-paper/tp-national/tp-karnataka/320-sent-to-China-to-study-new-methods-of-farming/article16360616.ece,0
http://www.thehindu.com/todays-paper/tp-features/tp-cinemaplus/balayyas-advice-on-fitness/article3793473.ece,0
http://www.thehindu.com/todays-paper/tp-national/tp-tamilnadu/post-blasts-the-web-of-security-tightens/article6059872.ece,1
http://www.thehindu.com/todays-paper/tp-national/tp-andhrapradesh/TRS-condemns-arrests/article14942787.ece,1
http://www.thehindu.com/todays-paper/tp-national/tp-andhrapradesh/candidates-go-all-out-on-last-day-of-campaigning/article3125136.ece,1
http://www.thehindu.com/todays-paper/tp-opinion/UPA-rule/article14768122.ece,0
http://www.thehindu.com/todays-paper/only-fine-no-jail-for-ansals-in-uphaar-case/article7559190.ece,0
http://www.thehindu.com/todays-paper/tp-national/tp-andhrapradesh/Weaving-a-success-story/article16350075.ece,0
http://www.thehindu.com/todays-paper/tp-in-school/frozen-falls/article7144155.ece,0
http://www.thehindu.com/todays-paper/tp-sports/S.-Africa-doesnt-choke-this-time/article14946073.ece,0
http://www.thehindu.com/todays-paper/tp-national/tp-andhrapradesh/centre-indifferent-to-plight-of-ryots/article2020957.ece,0
http://www.thehindu.com/todays-paper/tp-national/tp-kerala/ngt-order-taxi-bus-operators-seek-more-time/article8638905.ece,0
http://www.thehindu.com/todays-paper/tp-features/tp-educationplus/Sainik-School-admission/article15405904.ece,0
http://www.thehindu.com/todays-paper/tp-national/tp-andhrapradesh/Talk-on-remote-sensing-in-fisheries/article15189229.ece,0
http://www.thehindu.com/todays-paper/tp-national/tp-karnataka/lsquoEfforts-on-to-put-off-elections-in-Statersquo/article15145105.ece,0
http://www.thehindu.com/todays-paper/warning-wasted-in-bangalore/article3236979.ece,1
http://www.thehindu.com/todays-paper/tp-national/tp-andhrapradesh/Entrance-examination-for-Unani-course/article16204805.ece,0
http://www.thehindu.com/todays-paper/tp-national/tp-andhrapradesh/TDP-rasta-roko-against-fuel-price-hike/article16270710.ece,1
http://www.thehindu.com/todays-paper/tp-national/tp-andhrapradesh/sukma-killings-dash-hopes-of-maoist-thinktank/article4625826.ece,1
http://www.thehindu.com/todays-paper/tp-national/tp-newdelhi/Celebrating-Tagore/article16037211.ece,0
http://www.thehindu.com/todays-paper/tp-national/tp-andhrapradesh/VHP-for-reviving-POTA/article15223930.ece,0
http://www.thehindu.com/todays-paper/tp-national/tp-tamilnadu/Clear-pending-cases-at-the-earliest-Shah/article15157918.ece,0
http://www.thehindu.com/todays-paper/tp-national/tp-newdelhi/ldquoNew-UP-guidelines-undemocraticrdquo/article14741943.ece,0
http://www.thehindu.com/todays-paper/tp-features/tp-metroplus/sisterhood-of-the-travelling-pants/article21617915.ece,0
http://www.thehindu.com/todays-paper/tp-national/tp-kerala/new-book-smell-well-ahead-of-fresh-school-year/article2898960.ece,0
http://www.thehindu.com/todays-paper/lsquoDeclare-abstention-fiat-unconstitutionalrsquo/article14795713.ece,0
http://www.thehindu.com/todays-paper/tp-national/tp-newdelhi/need-to-create-awareness-about-benefits-of-breastfeeding/article4173034.ece,0
http://www.thehindu.com/todays-paper/tp-national/tp-tamilnadu/Waterfowl-census-begins/article17057919.ece,0
http://www.thehindu.com/todays-paper/tp-national/tp-tamilnadu/prisoner-hospitalised/article7050996.ece,0
http://www.thehindu.com/todays-paper/tp-features/tp-metroplus/picket-43/article6813021.ece,0
http://www.thehindu.com/todays-paper/tp-business/adag-to-set-up-power-plant-in-orissa/article3108471.ece,0
http://www.thehindu.com/todays-paper/tp-national/tp-tamilnadu/Ponnaiyan-AIADMK-political-advisor/article15152788.ece,0
http://www.thehindu.com/todays-paper/tp-sports/No-longer-than-a-New-York-minute/article14621704.ece,0
http://www.thehindu.com/todays-paper/tp-national/tp-tamilnadu/three-boys-insert-detonator-wire-into-electric-socket-injured/article6753033.ece,1
http://www.thehindu.com/todays-paper/tp-national/murder-has-shaken-the-confidence-of-medical-fraternity-ima/article2782297.ece,0
http://www.thehindu.com/todays-paper/tp-in-school/armstrong-to-lose-seven-tour-titles/article3818437.ece,0
http://www.thehindu.com/todays-paper/tp-national/tp-tamilnadu/hcp-filed-by-attack-pandis-wife-dismissed/article7679177.ece,1
http://www.thehindu.com/todays-paper/tp-national/Maudanys-bail-plea-rejected/article15380064.ece,1
http://www.thehindu.com/todays-paper/tp-opinion/A-year-of-living-dangerously/article16921718.ece,1
http://www.thehindu.com/todays-paper/tp-national/tp-andhrapradesh/schools-colleges-closed-in-view-of-general-strike/article2457617.ece,1
http://www.thehindu.com/todays-paper/tp-national/tp-tamilnadu/Scrutiny-of-polling-held/article16537050.ece,0
http://www.thehindu.com/todays-paper/tp-national/tp-tamilnadu/villagers-seek-better-roads-stage-demonstration/article8250734.ece,1
http://www.thehindu.com/todays-paper/tp-national/tp-andhrapradesh/Clarify-KVPrsquos-role-TDP/article16553533.ece,0
http://www.thehindu.com/todays-paper/tp-national/pact-signed-for-new-bodyin-darjeeling-hill-areas/article2086002.ece,0
http://www.thehindu.com/todays-paper/tp-features/tp-metroplus/a-quest-for-identity/article7021469.ece,0
http://www.thehindu.com/todays-paper/tp-national/tp-telangana/trs-neglecting-tribal-people-tdp/article7524981.ece,1
http://www.thehindu.com/todays-paper/amu-shut-down-following-violence/article1982936.ece,1
http://www.thehindu.com/todays-paper/tp-business/IGST-draft-will-be-in-public-domain-soon-CBEC/article14579889.ece,0
http://www.thehindu.com/todays-paper/tp-in-school/delhi-court-blast-accused-killed-in-kishtwar/article3736035.ece,1
http://www.thehindu.com/todays-paper/tp-national/tp-andhrapradesh/slumdwellers-protest/article2789339.ece,1
http://www.thehindu.com/todays-paper/tp-national/tp-tamilnadu/doctors-wear-black-badges-to-work/article7026127.ece,1
http://www.thehindu.com/todays-paper/tp-national/tp-tamilnadu/tnscb-to-undertake-survey-for-replacing-slums-with-pucca-houses/article3634363.ece,0
http://www.thehindu.com/todays-paper/tp-national/tp-newdelhi/BMW-witness-retracts-statement-again/article14797571.ece,0
http://www.thehindu.com/todays-paper/tp-national/tp-andhrapradesh/impasse-over-payment-of-salaries-to-civic-workers-continues/article4206045.ece,1
http://www.thehindu.com/todays-paper/tp-features/tp-youngworld/splash/article5467217.ece,0
http://www.thehindu.com/todays-paper/tp-national/tp-andhrapradesh/kirtilals-showroom-opened/article18408158.ece,0
http://www.thehindu.com/todays-paper/tp-features/tp-propertyplus/the-promise-of-a-house-for-all/article6967577.ece,0
http://www.thehindu.com/todays-paper/tp-sports/easy-win-for-jhaver-smashers/article6059316.ece,0
http://www.thehindu.com/todays-paper/tp-features/tp-fridayreview/Cloning-originals/article14501130.ece,0
http://www.thehindu.com/todays-paper/tp-features/tp-fridayreview/Sacred-voices-from-the-past/article16189534.ece,0
http://www.thehindu.com/todays-paper/tp-national/tp-tamilnadu/hc-closes-case-against-tourism-minister/article6675006.ece,0
http://www.thehindu.com/todays-paper/tp-national/tp-kerala/aiyf-activists-stall-bank-work/article2655216.ece,1
http://www.thehindu.com/todays-paper/tp-in-school/pm-calls-for-scientific-approach-to-settle-complex-issues/article4270894.ece,0
http://www.thehindu.com/todays-paper/tp-in-school/a-hindu-wedding-for-ukrainian-couple/article6769000.ece,0
http://www.thehindu.com/todays-paper/tp-national/tp-newdelhi/Seven-year-old-allegedly-raped/article12554199.ece,0
http://www.thehindu.com/todays-paper/tp-national/tp-kerala/taluk-vikasana-samithi-meeting/article3604523.ece,0
http://www.thehindu.com/todays-paper/tp-features/tp-metroplus/sony-cybershot-wx10/article2616340.ece,0
http://www.thehindu.com/todays-paper/tp-national/tp-newdelhi/Woman-%E2%80%98raped%E2%80%99-in-Amar-Colony/article17126239.ece,0
http://www.thehindu.com/todays-paper/tp-national/tp-kerala/UDF-whitewashing-RSS-violence-CPIM/article14875472.ece,1
http://www.thehindu.com/todays-paper/tp-national/tp-newdelhi/Congress-demands-abolition-of-toll-tax-suggests-wider-property-tax-net/article15612142.ece,1
http://www.thehindu.com/todays-paper/tp-in-school/zampa-spins-australia-to-victory-to-avoid-sri-lankan-series-sweep/article17357099.ece,0
http://www.thehindu.com/todays-paper/tp-national/tp-karnataka/support-for-anna-hazare/article2756582.ece,1
http://www.thehindu.com/todays-paper/tp-national/tp-andhrapradesh/Assist-in-exploring-oil-and-gas-Naidu-urges-ONGC-GAIL/article14391411.ece,0
http://www.thehindu.com/todays-paper/tp-national/tp-kerala/more-prepaid-auto-stands-in-city-soon/article5655668.ece,0
http://www.thehindu.com/todays-paper/tp-national/tp-karnataka/students-organisations-protest-against-2006-act/article5485333.ece,1
http://www.thehindu.com/todays-paper/tp-national/tp-otherstates/heavy-rain-lashes-punjab-haryana/article7523776.ece,0
http://www.thehindu.com/todays-paper/tp-national/tp-karnataka/Heavy-rain-again-delays-rescue-efforts/article16507943.ece,0
http://www.thehindu.com/todays-paper/tp-national/tp-tamilnadu/Anti-inflation-protest/article14744443.ece,1
http://www.thehindu.com/todays-paper/tp-national/tp-kerala/neglect-of-kollam-alleged/article2329915.ece,1
http://www.thehindu.com/todays-paper/tp-national/tp-tamilnadu/Party-seniors-stay-away-from-debates/article14019032.ece,0
http://www.thehindu.com/todays-paper/tp-national/tp-kerala/Award-for-Muneer/article14867194.ece,0
http://www.thehindu.com/todays-paper/tp-national/tp-karnataka/national-integration/article3090167.ece,0
http://www.thehindu.com/todays-paper/tp-features/tp-downtown/for-children-and-teachers/article7775219.ece,0
http://www.thehindu.com/todays-paper/tp-national/tp-tamilnadu/engagements/article19228727.ece,0
http://www.thehindu.com/todays-paper/tp-national/tp-karnataka/People-want-road-developed/article14707707.ece,1
http://www.thehindu.com/todays-paper/tp-national/tp-kerala/Probe-unsatisfactory-says-Oommen-Chandy/article15360489.ece,1
http://www.thehindu.com/todays-paper/tp-sports/dikshanshu-negi-shines/article8047072.ece,0
http://www.thehindu.com/todays-paper/tp-national/tp-tamilnadu/farmers-allege-irregularities/article5715693.ece,1
http://www.thehindu.com/todays-paper/tp-national/tp-kerala/pcb-issues-notices-to-100-hospitals/article3600743.ece,0
http://www.thehindu.com/todays-paper/tp-features/tp-metroplus/The-mantra-to-wellness/article15931644.ece,0
http://www.thehindu.com/todays-paper/tp-national/tp-telangana/6635-tanks-to-be-restored/article17896361.ece,0
http://www.thehindu.com/todays-paper/tp-national/tp-kerala/plea-to-start-single-window-system/article3095102.ece,0
http://www.thehindu.com/todays-paper/tp-sports/Referral-system-raises-several-points/article15278472.ece,0
http://www.thehindu.com/todays-paper/tp-national/tp-kerala/Protest-meeting-planned/article15225524.ece,1
http://www.thehindu.com/todays-paper/tp-national/tp-andhrapradesh/Clarification/article15171866.ece,0
http://www.thehindu.com/todays-paper/tp-national/tp-tamilnadu/manamadurai-tiruchi-rail-section-to-be-green-corridor/article19506613.ece,0
http://www.thehindu.com/todays-paper/jharkhand-village-group-clash-claims-8-lives/article3078133.ece,1
http://www.thehindu.com/todays-paper/tp-business/Retail-payments-MPs-panel-wants-consensus/article14764565.ece,0
http://www.thehindu.com/todays-paper/tp-national/tp-karnataka/differentlyabled-persons-stage-dharna/article2070137.ece,1
http://www.thehindu.com/todays-paper/tp-national/tp-kerala/call-to-improve-connectivity-before-razing-north-overbridge/article2014561.ece,0
http://www.thehindu.com/todays-paper/tp-features/tp-metroplus/Events-this-weekend/article15925180.ece,0
http://www.thehindu.com/todays-paper/One-killed-100-injured-in-Valley/article14616423.ece,1
http://www.thehindu.com/todays-paper/tp-features/tp-metroplus/kaveri-on-song/article14395500.ece1,0
http://www.thehindu.com/todays-paper/tp-national/relay-fast-begins-in-support-of-kudankulam-protesters/article3507488.ece,1
http://www.thehindu.com/todays-paper/tp-national/tp-newdelhi/New-hotspots-of-AIDS-causing-concern-to-authorities/article14805407.ece,0
http://www.thehindu.com/todays-paper/tp-national/tp-tamilnadu/aiadmk-dmk-activists-clash/article2557444.ece,1
http://www.thehindu.com/todays-paper/tp-national/tp-karnataka/DC-told-to-probe-Savanur-protest/article16205443.ece,1
http://www.thehindu.com/todays-paper/tp-national/tp-andhrapradesh/schoolteachers-find-liquor-in-water-bottles/article21387615.ece,0
http://www.thehindu.com/todays-paper/tp-national/tp-newdelhi/aiims-plans-to-build-dharamshala-block/article5977223.ece,0
http://www.thehindu.com/todays-paper/tp-national/tp-andhrapradesh/leakage-arrested-in-storage-tank/article7001105.ece,0
http://www.thehindu.com/todays-paper/tp-national/tp-andhrapradesh/Disinvestment-in-HSE/article14794184.ece,0
http://www.thehindu.com/todays-paper/tp-national/tp-andhrapradesh/Itrsquos-time-to-think-about-global-warming/article16649819.ece,0
http://www.thehindu.com/todays-paper/tp-national/tp-karnataka/CAMPCO-to-increase-chocolate-production/article15959545.ece,0
http://www.thehindu.com/todays-paper/tp-features/tp-metroplus/is-your-dog-a-fussy-eater/article7478578.ece,0
http://www.thehindu.com/todays-paper/tp-national/tp-kerala/kserc-sitting-at-thrissur/article6995287.ece,0
http://www.thehindu.com/todays-paper/tp-national/tp-tamilnadu/defamation-suit-against-dmdk-speakers/article5227473.ece,0
http://www.thehindu.com/todays-paper/tp-national/tp-andhrapradesh/virasam-dubs-arrests-as-eye-wash/article13386832.ece,1
http://www.thehindu.com/todays-paper/tp-features/tp-metroplus/have-a-neighbourly-heart/article6384485.ece,0
http://www.thehindu.com/todays-paper/tp-national/pak-sites-lapped-up-jawans-video/article18702739.ece,0
http://www.thehindu.com/todays-paper/tp-national/karnad-owes-it-to-doctor-who-never-turned-up/article13376764.ece,0
http://www.thehindu.com/todays-paper/tp-national/tp-andhrapradesh/turmeric-yard-soon-in-kadapa-says-somireddy/article18168724.ece,0
http://www.thehindu.com/todays-paper/tp-national/tp-andhrapradesh/Plea-to-place-Yellampalli-files-in-House/article14724002.ece,0
http://www.thehindu.com/todays-paper/tp-national/bhim-army-founder-sent-to-judicial-custody/article18953146.ece,1
http://www.thehindu.com/todays-paper/tp-national/tp-tamilnadu/cable-tv-operators-in-tuticorin-upset/article2607864.ece,0
http://www.thehindu.com/todays-paper/tp-features/tp-metroplus/unfolding-magic-of-pakistani-nazaqat/article3190579.ece,0
http://www.thehindu.com/todays-paper/tp-national/tp-tamilnadu/teachers-suspended-for-poor-performance-of-students/article11686762.ece,0
http://www.thehindu.com/todays-paper/tp-national/tp-tamilnadu/organic-farming-launched-at-open-air-jail-in-singanallur/article5011714.ece,0
http://www.thehindu.com/todays-paper/tp-national/tp-andhrapradesh/Jail-for-corrupt-farm-official/article14026511.ece,0
http://www.thehindu.com/todays-paper/tp-national/tp-tamilnadu/Trough-of-low-pressure-causes-light-showers/article16347978.ece,0
http://www.thehindu.com/todays-paper/tp-national/tp-kerala/11111-trees-to-be-planted-along-holy-path/article18403424.ece,0
http://www.thehindu.com/todays-paper/tp-business/ranbaxy-recognises-and-regrets-past-flaws/article5349152.ece,0
http://www.thehindu.com/todays-paper/tp-in-school/india-to-open-world-t20-campaign-against-pakistan/article5279045.ece,0
http://www.thehindu.com/todays-paper/tp-in-school/IRAQ-PARADE/article14489183.ece,0
http://www.thehindu.com/todays-paper/tp-national/tp-andhrapradesh/Itrsquos-the-season-of-mangoes/article15204437.ece,0
http://www.thehindu.com/todays-paper/bjp-backs-off-from-rss-chiefs-remarks-on-quota/article7675286.ece,0
http://www.thehindu.com/todays-paper/tp-features/tp-propertyplus/parity-in-tdrs-demanded/article3457629.ece,0
http://www.thehindu.com/todays-paper/tp-national/tp-kerala/kshb-loanees-threaten-stir/article2395128.ece,0
http://www.thehindu.com/todays-paper/tp-features/tp-metroplus/straight-to-the-heart/article2243129.ece,0
http://www.thehindu.com/todays-paper/tp-national/tp-karnataka/Arrest-Muthalik-ban-sene-PFI/article16036123.ece,1
http://www.thehindu.com/todays-paper/tp-national/tp-andhrapradesh/with-no-shelter-bus-commuters-at-nanalnagar-face-the-heat/article5738772.ece,0
http://www.thehindu.com/todays-paper/tp-features/tp-cinemaplus/long-distance-love/article2355089.ece,0
http://www.thehindu.com/todays-paper/tp-national/tp-karnataka/six-more-childline-booths-to-come-up-in-bellary-district/article4117863.ece,0
http://www.thehindu.com/todays-paper/tp-national/tp-kerala/kssp-plans-stir-to-protect-paddy-fields/article4645932.ece,1
http://www.thehindu.com/todays-paper/tp-national/tp-tamilnadu/tamil-scholars-contributions-hailed/article4423855.ece,0
http://www.thehindu.com/todays-paper/tp-national/tp-andhrapradesh/SI-opens-fire-on-violent-mob/article15249369.ece,1
http://www.thehindu.com/todays-paper/tp-national/tp-tamilnadu/Two-found-murdered/article14855644.ece,0
http://www.thehindu.com/todays-paper/staying-execution-in-rajiv-case-high-court-to-hear-cruelty-plea/article2413239.ece,1
http://www.thehindu.com/todays-paper/tp-national/tp-karnataka/order-on-proper-register-cards-draws-flak/article8605952.ece,0
http://www.thehindu.com/todays-paper/tp-national/tp-tamilnadu/salem/article5899062.ece,0
http://www.thehindu.com/todays-paper/tp-in-school/TS-proposes-12-p.c.-quota-for-minorities/article17064358.ece,0
http://www.thehindu.com/todays-paper/tp-national/tp-andhrapradesh/bjp-team-visits-rainhit-areas/article5280121.ece,0
http://www.thehindu.com/todays-paper/tp-national/tp-tamilnadu/Capacity-building-programme-for-forest-veterinarians/article17304394.ece,0
http://www.thehindu.com/todays-paper/tp-national/tp-andhrapradesh/Tributes-to-Bhagat-Singh/article16523523.ece,0
http://www.thehindu.com/todays-paper/tp-national/tp-karnataka/Seven-file-papers-in-Tumkur/article16818836.ece,0
http://www.thehindu.com/todays-paper/tp-national/tp-mumbai/teachers-union-protests-sacking-of-junior-faculty/article19680911.ece,1
http://www.thehindu.com/todays-paper/tp-national/tp-andhrapradesh/Honour-for-toppers/article16116124.ece,0
http://www.thehindu.com/todays-paper/tp-features/tp-metroplus/4/article4514096.ece,0
http://www.thehindu.com/todays-paper/tp-national/tp-andhrapradesh/two-students-drownin-janjhavati/article2059077.ece,0
http://www.thehindu.com/todays-paper/tp-national/tp-tamilnadu/bus-driver-conductor-assaulted/article12548221.ece,0
http://www.thehindu.com/todays-paper/tp-national/tp-karnataka/holi-celebrated/article3164663.ece,0
http://www.thehindu.com/todays-paper/tp-national/tp-andhrapradesh/Schools-colleges-closed-today/article16202091.ece,1
http://www.thehindu.com/todays-paper/tp-features/tp-downtown/Small-bus-service-between-Nemilichery-and-Chromepet-sought/article15006133.ece,0
http://www.thehindu.com/todays-paper/tp-national/tp-telangana/international-conference-at-nit/article7929477.ece,0
http://www.thehindu.com/todays-paper/tp-national/tp-kerala/metro-services-disrupted-after-train-breaks-down/article19750022.ece,0
http://www.thehindu.com/todays-paper/tp-national/preparations-on-to-make-karnataka-plasticfree/article8347272.ece,0
http://www.thehindu.com/todays-paper/tp-national/tp-kerala/POWER-SHUTDOWN/article14989060.ece,0
http://www.thehindu.com/todays-paper/tp-national/tp-kerala/man-held-on-charge-of-peddling-ganja/article5095300.ece,0
http://www.thehindu.com/todays-paper/tp-national/tp-newdelhi/Cultural-festival-concludes/article16640419.ece,0
http://www.thehindu.com/todays-paper/tp-national/tp-telangana/Students-take-out-rally-seeking-fee-reimbursement-dues/article15661719.ece,1
http://www.thehindu.com/todays-paper/tp-business/rbi-outlines-action-plan-for-resolving-stressed-loans/article18527030.ece,0
http://www.thehindu.com/todays-paper/tp-in-school/OROP-PROTEST/article14003526.ece,1
http://www.thehindu.com/todays-paper/tp-sports/pradeep-delivers-for-mk-group/article5704272.ece,0
http://www.thehindu.com/todays-paper/tp-features/tp-youngworld/St.-Francis-International-School/article15948394.ece,0
http://www.thehindu.com/todays-paper/tp-in-school/a-tale-of-two-tiger-reserves/article3272075.ece,0
http://www.thehindu.com/todays-paper/tp-national/tp-tamilnadu/profit-not-his-motive/article7931605.ece,0
http://www.thehindu.com/todays-paper/tp-national/tp-kerala/music-concert/article5303500.ece,0
http://www.thehindu.com/todays-paper/tp-features/tp-cinemaplus/blind-pursuit/article5080187.ece,0
http://www.thehindu.com/todays-paper/tp-international/pakistan-kills-31-militants-in-airstrikes/article6754965.ece,1
http://www.thehindu.com/todays-paper/tp-national/Centre-to-hold-talks-to-end-Manipur-crisis/article17119433.ece,1
